Num,Speed X,Speed Y,Speed Z,Total Speed,Lo,La,Heading(Deg)
0,0.06392691942338047,-0.12141686809627572,0.02742888821714473,0.13721773531607276,364295.0,6922400.0,-92.64166672111612
1,0.09265827431548246,-0.09847771031672892,0.017332304470230042,0.1352161796100924,364295.0,6922400.0,-92.64575150235912
2,0.07157107184369238,-0.022303615978671587,-0.006568038890719663,0.07496578960151778,364296.0,6922400.0,-92.65266493697018
3,0.025520986703995163,0.06038356486897101,-0.03351145515544829,0.06555528711424219,364295.0,6922400.0,-92.65078000574016
4,-0.018867539162172875,0.10256449624648667,-0.049224562437970576,0.10428547321814148,364295.0,6922400.0,-92.64887809217701
5,-0.05537242758215655,0.08791419619228691,-0.04364374164424589,0.10389904536845893,364296.0,6922401.0,-92.65404159814965
