Num,Speed X,Speed Y,Speed Z,Total Speed,Lo,La,Heading(Deg)
0,0.13606448824702966,-0.01868365613518108,-0.03527308421183761,0.13734126826450876,359024.0,6921179.0,-604.1908838470785
1,0.008656675513520895,-0.03521414555507363,-0.072112845869583,0.03626257131148182,359024.0,6921179.0,-604.1970288159498
2,-0.06725076260863716,-0.04151014531998953,-0.08483130702856556,0.07903010335264607,359024.0,6921179.0,-604.1941112330879
3,-0.12824202608044288,-0.03679163524793694,-0.0835535300066681,0.13341529776391547,359023.0,6921179.0,-604.1909349673924
4,-0.13623297205867857,-0.007499874436689424,-0.04294568775890184,0.13643925678669905,359024.0,6921179.0,-604.1910484143832
5,-0.11271299038071447,0.024158909836842213,0.002247721148549431,0.11527302861063252,359024.0,6921179.0,-604.1889511437832
