Num,Speed X,Speed Y,Speed Z,Total Speed,Lo,La,Heading(Deg)
0,0.14447674024268053,-0.026557692744972883,-0.041469724046692136,0.14689737749560872,359245.0,6920118.0,133.84222761417243
1,-0.08895276214389014,-0.004822507999051595,-0.05849103966994562,0.08908339057550746,359245.0,6920118.0,133.84199903941925
2,-0.21344858033444325,0.009063804563993472,-0.05102237354115857,0.21364093474791657,359245.0,6920118.0,133.84372061239205
3,-0.16939240729698213,0.007567022121293121,-0.031899806809789766,0.16956133838127965,359245.0,6920118.0,133.84643798236837
4,-0.03344841163197998,-0.0020045692872372456,-0.013902931740261693,0.03350842489180458,359245.0,6920118.0,133.8476192437779
5,0.06109590181949898,-0.005081757735752035,0.0031117614414455375,0.06130687955541967,359245.0,6920118.0,133.84733765019877
